<?xml version="1.0" encoding="UTF-8" standalone="no"?>
<presets xmlns="http://josm.openstreetmap.de/tagging-preset-1.0" author="" description="" shortdescription="" version="">
    <item name="Advertising" type="node">
        <combo key="access" values="no,yes" />
        <key key="advertising" value="poster_box" />
        <combo key="animated" values="no,yes" />
        <combo key="luminous" values="no,yes" />
        <multiselect key="message" values="commercial;local" />
        <text default="JCDecaux Deutschland GmbH" key="operator" />
        <text default="2" key="sides" />
        <combo key="support" values="ground,pole,street_furniture:transit_shelter,wall_mounted" />
    </item>
</presets>
